game_id,team1_id,tore_heim,tore_aus,team2_id,liga,datetime,tor_diff,1,2,3,4,5,6,7,8,9,10,11,12,13,14,15,16,17,18,19,20,21,22
15855,44,5,0,54,bundesliga,2015-08-14,5,809.0,2411.0,4906.0,593.0,5173.0,3477.0,2608.0,1114.0,4030.0,784.0,4075.0,1735.0,930.0,4210.0,1174.0,2702.0,3204.0,2950.0,1558.0,1650.0,1035.0,313.0
15856,36,2,1,37,bundesliga,2015-08-15,1,2497.0,3315.0,2743.0,2817.0,1133.0,61.0,412.0,2625.0,3098.0,3458.0,5518.0,3088.0,5214.0,4507.0,3794.0,670.0,470.0,5125.0,2648.0,740.0,3207.0,822.0
15857,1,0,1,40,bundesliga,2015-08-15,-1,730.0,3844.0,1273.0,2365.0,4234.0,4217.0,1774.0,1103.0,3039.0,2262.0,76.0,4546.0,1640.0,3580.0,1032.0,4025.0,4199.0,343.0,1717.0,1388.0,3193.0,5145.0
15858,28,0,3,35,bundesliga,2015-08-15,-3,974.0,1422.0,1327.0,3063.0,614.0,4000.0,4635.0,3913.0,17.0,2024.0,3572.0,3176.0,5061.0,33.0,2474.0,408.0,652.0,1629.0,5137.0,3383.0,140.0,331.0
15859,55,0,1,46,bundesliga,2015-08-15,-1,1347.0,1022.0,855.0,3911.0,3488.0,743.0,3551.0,2113.0,4341.0,2096.0,1037.0,1068.0,3403.0,3854.0,5115.0,755.0,339.0,1212.0,2414.0,874.0,3730.0,2209.0
15860,43,2,2,5,bundesliga,2015-08-15,0,2727.0,2462.0,1716.0,2601.0,1364.0,1077.0,3055.0,918.0,3822.0,2940.0,4641.0,2377.0,36.0,2136.0,4382.0,2586.0,1296.0,5526.0,1974.0,3999.0,2684.0,4756.0
15861,10,4,0,53,bundesliga,2015-08-15,4,3544.0,1723.0,1619.0,3874.0,2750.0,4082.0,2086.0,60.0,3920.0,536.0,1905.0,3884.0,2059.0,384.0,5340.0,4748.0,827.0,4184.0,4176.0,4567.0,4922.0,1791.0
15862,41,2,1,39,bundesliga,2015-08-16,1,638.0,1898.0,2868.0,1976.0,5152.0,5525.0,1780.0,4500.0,3273.0,63.0,4236.0,1747.0,2996.0,964.0,3944.0,3402.0,4564.0,2070.0,358.0,958.0,1221.0,651.0
15863,2,1,3,49,bundesliga,2015-08-16,-2,1943.0,4656.0,3845.0,2503.0,3871.0,3270.0,5103.0,3635.0,4438.0,1004.0,1606.0,4362.0,495.0,4901.0,600.0,2662.0,603.0,286.0,2256.0,224.0,3985.0,4886.0
15864,40,1,1,28,bundesliga,2015-08-21,0,4546.0,1640.0,3580.0,1032.0,4025.0,248.0,4199.0,343.0,1717.0,1388.0,3193.0,974.0,1422.0,1327.0,3063.0,614.0,4000.0,750.0,4635.0,3704.0,2024.0,3572.0
15865,35,1,1,43,bundesliga,2015-08-22,0,3176.0,5061.0,1918.0,33.0,147.0,652.0,1629.0,5433.0,3383.0,140.0,331.0,2727.0,2462.0,1716.0,2601.0,1364.0,2801.0,1077.0,3055.0,3822.0,714.0,4641.0
15866,39,1,1,1,bundesliga,2015-08-22,0,1747.0,2996.0,964.0,3944.0,3402.0,4784.0,4564.0,358.0,958.0,1221.0,651.0,730.0,3844.0,1273.0,1576.0,2365.0,4234.0,4217.0,1774.0,3039.0,2262.0,2213.0
15867,49,1,1,41,bundesliga,2015-08-22,0,4362.0,495.0,4901.0,600.0,2662.0,4074.0,603.0,224.0,3985.0,4886.0,5438.0,638.0,1898.0,2868.0,1976.0,5525.0,5012.0,4437.0,4500.0,3273.0,63.0,4236.0
15868,5,0,1,36,bundesliga,2015-08-22,-1,2377.0,87.0,4382.0,2586.0,3865.0,1296.0,5526.0,1974.0,4756.0,137.0,3999.0,2497.0,3315.0,2629.0,2817.0,1133.0,412.0,5314.0,2625.0,3098.0,1155.0,5518.0
15869,37,1,2,44,bundesliga,2015-08-22,-1,3088.0,5214.0,4507.0,3794.0,670.0,470.0,5125.0,2648.0,740.0,3207.0,822.0,809.0,2411.0,4906.0,593.0,5173.0,1961.0,3477.0,2608.0,1114.0,4030.0,784.0
15870,54,3,2,2,bundesliga,2015-08-22,1,1735.0,930.0,4210.0,1174.0,2702.0,3204.0,2950.0,1558.0,1650.0,1035.0,313.0,1943.0,4656.0,3845.0,2503.0,3871.0,3270.0,5103.0,3635.0,4438.0,1004.0,1606.0
15871,46,0,4,10,bundesliga,2015-08-23,-4,1029.0,3403.0,3854.0,5115.0,339.0,1212.0,2414.0,874.0,3730.0,2209.0,790.0,3544.0,4737.0,1723.0,2750.0,5400.0,4082.0,2086.0,60.0,3920.0,536.0,1905.0
15872,53,1,2,55,bundesliga,2015-08-23,-1,3884.0,384.0,503.0,5340.0,1211.0,827.0,355.0,4176.0,4567.0,4922.0,1791.0,1347.0,1022.0,3911.0,3488.0,4807.0,743.0,3551.0,2113.0,4341.0,1775.0,1037.0
15873,41,3,0,35,bundesliga,2015-08-28,3,638.0,1898.0,2868.0,1976.0,4583.0,1780.0,5012.0,1852.0,3273.0,63.0,4236.0,3176.0,5061.0,2502.0,33.0,147.0,408.0,652.0,1629.0,2471.0,3383.0,331.0
15874,2,1,4,39,bundesliga,2015-08-29,-3,1943.0,4656.0,3845.0,2503.0,1945.0,3270.0,2439.0,3635.0,4438.0,1004.0,1606.0,1747.0,5378.0,964.0,3944.0,3402.0,4564.0,358.0,5439.0,958.0,1221.0,651.0
15875,1,0,1,46,bundesliga,2015-08-29,-1,730.0,3844.0,1273.0,561.0,2365.0,4234.0,4217.0,3039.0,2262.0,76.0,2213.0,1068.0,3854.0,5115.0,755.0,4069.0,339.0,1212.0,2414.0,874.0,3730.0,2209.0
15876,49,2,1,54,bundesliga,2015-08-29,1,4362.0,495.0,4901.0,600.0,2662.0,4074.0,603.0,224.0,3985.0,4886.0,5438.0,1735.0,930.0,1174.0,2702.0,1802.0,3204.0,2950.0,1558.0,1650.0,1035.0,313.0
15877,55,3,0,5,bundesliga,2015-08-29,3,1347.0,2690.0,1022.0,855.0,3488.0,743.0,3551.0,2113.0,4341.0,1775.0,1037.0,2377.0,87.0,4382.0,2586.0,3865.0,5526.0,1974.0,4756.0,5132.0,137.0,2684.0
15878,43,0,0,37,bundesliga,2015-08-29,0,2727.0,2462.0,1716.0,2601.0,1364.0,2801.0,1077.0,3055.0,3822.0,2940.0,4641.0,3088.0,5214.0,4507.0,3794.0,670.0,470.0,2648.0,740.0,3207.0,4732.0,822.0
15879,44,3,0,36,bundesliga,2015-08-29,3,809.0,2411.0,1707.0,370.0,5173.0,3477.0,2608.0,1114.0,4030.0,784.0,4075.0,2497.0,3315.0,2743.0,2817.0,1133.0,61.0,412.0,2625.0,3098.0,1155.0,5518.0
15880,10,3,1,40,bundesliga,2015-08-30,2,3544.0,4737.0,1723.0,1619.0,2750.0,4082.0,2086.0,60.0,3920.0,536.0,1905.0,4546.0,4762.0,1640.0,3580.0,1032.0,43.0,4025.0,248.0,1717.0,1388.0,3193.0
15881,28,2,1,53,bundesliga,2015-08-30,1,974.0,2569.0,1422.0,1327.0,3063.0,614.0,4000.0,4635.0,3704.0,2024.0,3572.0,3884.0,330.0,384.0,3380.0,5340.0,1211.0,827.0,355.0,4176.0,4567.0,1791.0
15882,53,0,3,54,bundesliga,2015-09-11,-3,3884.0,330.0,384.0,503.0,3380.0,4595.0,5340.0,2555.0,355.0,4176.0,4567.0,4525.0,930.0,4210.0,2702.0,2950.0,1558.0,4437.0,1650.0,1501.0,1036.0,565.0
15883,44,2,1,1,bundesliga,2015-09-12,1,809.0,2411.0,593.0,1002.0,370.0,5173.0,3477.0,2608.0,4030.0,784.0,4075.0,730.0,3844.0,561.0,2365.0,4217.0,1774.0,1103.0,3039.0,2469.0,2262.0,76.0
15884,36,0,1,43,bundesliga,2015-09-12,-1,2497.0,3315.0,2743.0,2817.0,1133.0,61.0,412.0,5314.0,2625.0,3098.0,5518.0,2727.0,2462.0,1716.0,2601.0,1364.0,2801.0,1077.0,3055.0,3822.0,4781.0,4641.0
15885,5,2,4,10,bundesliga,2015-09-12,-2,2377.0,1965.0,1378.0,497.0,87.0,4382.0,2586.0,3865.0,4694.0,5526.0,2668.0,3544.0,4737.0,1723.0,1619.0,2750.0,4082.0,2086.0,60.0,3920.0,536.0,4837.0
15886,40,2,1,2,bundesliga,2015-09-12,1,4546.0,1640.0,1032.0,1615.0,4025.0,248.0,343.0,1717.0,1388.0,3193.0,5145.0,2596.0,3845.0,2503.0,3871.0,2350.0,3270.0,2439.0,3635.0,4438.0,1004.0,1606.0
15887,46,0,0,41,bundesliga,2015-09-12,0,1068.0,3854.0,5115.0,755.0,4069.0,339.0,1212.0,2414.0,874.0,3730.0,2209.0,712.0,4909.0,2868.0,1976.0,4583.0,652.0,1780.0,5012.0,4192.0,1852.0,63.0
15888,39,6,2,49,bundesliga,2015-09-12,4,1747.0,2996.0,3199.0,964.0,3944.0,4564.0,358.0,5439.0,1221.0,1991.0,651.0,4362.0,495.0,4901.0,600.0,2662.0,4074.0,603.0,224.0,3985.0,4886.0,5438.0
15889,37,1,3,28,bundesliga,2015-09-13,-2,3088.0,5214.0,4507.0,3794.0,670.0,470.0,2648.0,740.0,3207.0,4732.0,822.0,974.0,2569.0,1422.0,1327.0,3063.0,614.0,4635.0,2417.0,3704.0,2024.0,3572.0
15890,35,2,1,55,bundesliga,2015-09-13,1,3176.0,5061.0,1918.0,33.0,147.0,1629.0,5137.0,3783.0,3383.0,140.0,331.0,1347.0,2690.0,1022.0,855.0,3911.0,3488.0,743.0,3551.0,1160.0,4341.0,1775.0
15891,55,3,1,37,bundesliga,2015-09-18,2,1347.0,1022.0,855.0,3911.0,3488.0,743.0,3551.0,5176.0,4341.0,1418.0,1775.0,3088.0,5214.0,4507.0,3794.0,670.0,470.0,739.0,5125.0,2648.0,1494.0,822.0
15892,41,2,0,40,bundesliga,2015-09-19,2,712.0,4909.0,2868.0,1781.0,4583.0,652.0,1780.0,4192.0,1852.0,4590.0,4236.0,4546.0,1640.0,1032.0,1615.0,3086.0,4025.0,248.0,1717.0,1388.0,3193.0,309.0
15893,54,0,0,39,bundesliga,2015-09-19,0,4525.0,930.0,4210.0,2702.0,3204.0,1558.0,4437.0,1650.0,1501.0,1036.0,565.0,1747.0,2996.0,3199.0,964.0,3944.0,4564.0,358.0,5439.0,1221.0,1991.0,651.0
15894,28,0,1,46,bundesliga,2015-09-19,-1,974.0,2569.0,1422.0,1327.0,3063.0,614.0,4000.0,17.0,3704.0,2024.0,3572.0,1068.0,3854.0,5115.0,755.0,4069.0,339.0,1212.0,2414.0,874.0,2209.0,4068.0
15895,49,1,0,53,bundesliga,2015-09-19,1,4362.0,495.0,4901.0,600.0,2662.0,4074.0,603.0,224.0,3985.0,4886.0,1995.0,3884.0,330.0,2059.0,384.0,5340.0,4533.0,827.0,4184.0,355.0,4176.0,4922.0
15896,43,0,3,44,bundesliga,2015-09-19,-3,2727.0,2462.0,1716.0,2601.0,1364.0,2801.0,1077.0,3055.0,2786.0,3822.0,4641.0,809.0,2411.0,1707.0,593.0,591.0,1002.0,1961.0,1465.0,4030.0,1067.0,784.0
15897,2,0,1,35,bundesliga,2015-09-20,-1,1943.0,4656.0,2503.0,3871.0,2350.0,3270.0,2439.0,4438.0,1606.0,3174.0,3161.0,3176.0,5061.0,1918.0,33.0,147.0,1629.0,5137.0,3783.0,2471.0,140.0,331.0
15898,10,3,0,36,bundesliga,2015-09-20,3,3544.0,4737.0,1723.0,1619.0,2750.0,4082.0,2086.0,60.0,3920.0,536.0,4837.0,2497.0,179.0,2743.0,2817.0,1133.0,61.0,4604.0,2625.0,3339.0,3098.0,5518.0
15899,1,2,0,5,bundesliga,2015-09-20,2,730.0,3844.0,1273.0,1576.0,2365.0,4234.0,1774.0,3039.0,2469.0,2262.0,3132.0,2377.0,36.0,1965.0,87.0,4382.0,2586.0,3865.0,4694.0,5526.0,4756.0,2668.0
15900,44,5,1,41,bundesliga,2015-09-22,4,809.0,2411.0,1707.0,593.0,370.0,5173.0,1961.0,3477.0,2608.0,4030.0,784.0,712.0,4909.0,2868.0,1976.0,4583.0,652.0,1780.0,5012.0,1852.0,63.0,4236.0
15901,40,2,0,49,bundesliga,2015-09-22,2,3982.0,1032.0,88.0,1615.0,4025.0,248.0,343.0,1717.0,1388.0,3193.0,309.0,4362.0,495.0,4901.0,600.0,2662.0,4074.0,603.0,224.0,3985.0,4886.0,1995.0
15902,46,0,1,54,bundesliga,2015-09-22,-1,1068.0,3854.0,5115.0,755.0,4069.0,339.0,1212.0,2414.0,874.0,2209.0,4068.0,4525.0,930.0,4210.0,2702.0,3204.0,1558.0,4437.0,1650.0,1501.0,1036.0,565.0
15903,43,2,1,28,bundesliga,2015-09-22,1,2727.0,2462.0,1716.0,2601.0,1364.0,2801.0,1077.0,3055.0,3822.0,4781.0,5220.0,618.0,2569.0,1327.0,3063.0,4419.0,614.0,17.0,3704.0,2024.0,3572.0,89.0
15904,35,2,0,39,bundesliga,2015-09-23,2,3176.0,2502.0,33.0,147.0,408.0,1629.0,5137.0,5433.0,3783.0,3383.0,331.0,1747.0,3199.0,964.0,3944.0,3402.0,4564.0,358.0,5439.0,1221.0,1991.0,651.0
15905,36,1,0,55,bundesliga,2015-09-23,1,2497.0,179.0,2629.0,2817.0,1133.0,61.0,412.0,4604.0,2625.0,3339.0,5518.0,1347.0,1022.0,855.0,3911.0,3488.0,743.0,3551.0,5176.0,4341.0,1418.0,1775.0
15906,53,4,2,1,bundesliga,2015-09-23,2,3884.0,2059.0,2064.0,503.0,5340.0,4533.0,1211.0,4748.0,827.0,4176.0,4567.0,730.0,3844.0,1273.0,1576.0,2365.0,4217.0,1774.0,1824.0,3039.0,2469.0,3132.0
15907,5,1,3,2,bundesliga,2015-09-23,-2,2377.0,36.0,1965.0,87.0,4382.0,2586.0,3865.0,1296.0,4694.0,4756.0,2668.0,1943.0,4656.0,2503.0,3871.0,2350.0,3270.0,2439.0,3635.0,4438.0,1606.0,3174.0
15908,37,1,1,10,bundesliga,2015-09-23,0,3088.0,4070.0,4507.0,670.0,2661.0,470.0,739.0,5125.0,2648.0,1494.0,822.0,3544.0,4737.0,1723.0,1619.0,2750.0,2091.0,2086.0,3920.0,536.0,1905.0,4837.0
15909,49,1,1,46,bundesliga,2015-09-25,0,4362.0,495.0,4901.0,2662.0,603.0,224.0,3985.0,4886.0,1995.0,5438.0,286.0,1068.0,3854.0,5115.0,755.0,4069.0,339.0,1212.0,2414.0,874.0,2209.0,4068.0
15910,41,1,1,5,bundesliga,2015-09-26,0,712.0,4909.0,2868.0,1976.0,4583.0,652.0,1780.0,4192.0,1852.0,63.0,4236.0,2377.0,36.0,1965.0,4382.0,2586.0,3865.0,1296.0,4694.0,1974.0,4756.0,2668.0
15911,2,1,3,53,bundesliga,2015-09-26,-2,1943.0,4656.0,2503.0,3871.0,2350.0,3270.0,2439.0,3635.0,4438.0,1606.0,3174.0,3884.0,2059.0,503.0,3380.0,5340.0,4533.0,1211.0,4748.0,827.0,4176.0,4567.0
15912,1,1,3,37,bundesliga,2015-09-26,-2,730.0,3844.0,1273.0,1576.0,2365.0,4234.0,4217.0,1774.0,3039.0,2469.0,76.0,3088.0,4070.0,4507.0,670.0,2661.0,470.0,739.0,5125.0,2648.0,1494.0,822.0
15913,28,0,3,36,bundesliga,2015-09-26,-3,974.0,2569.0,1327.0,3063.0,614.0,4635.0,2417.0,3913.0,3044.0,2024.0,3572.0,2497.0,179.0,2743.0,2817.0,61.0,412.0,5314.0,3098.0,1155.0,2971.0,5518.0
15914,55,0,3,44,bundesliga,2015-09-26,-3,1347.0,1022.0,855.0,3911.0,3488.0,743.0,3551.0,5176.0,1160.0,4341.0,1775.0,809.0,2411.0,2771.0,1002.0,370.0,5173.0,3477.0,2608.0,1067.0,784.0,4075.0
15915,54,0,1,35,bundesliga,2015-09-26,-1,4525.0,930.0,4210.0,2702.0,3204.0,4122.0,2950.0,1558.0,4437.0,1035.0,565.0,3176.0,5061.0,1918.0,33.0,147.0,1629.0,5137.0,5433.0,3783.0,3383.0,140.0
15916,39,1,1,40,bundesliga,2015-09-27,0,1747.0,2996.0,3199.0,964.0,3944.0,4564.0,358.0,5439.0,958.0,1991.0,2656.0,3982.0,1032.0,88.0,1615.0,3086.0,4025.0,248.0,343.0,1717.0,1388.0,309.0
15917,10,2,2,43,bundesliga,2015-09-27,0,3544.0,4737.0,1723.0,1619.0,2750.0,4082.0,2086.0,60.0,3920.0,536.0,1905.0,2727.0,2462.0,3910.0,2601.0,1364.0,2801.0,1077.0,3055.0,3822.0,4781.0,5220.0
15918,43,2,3,55,bundesliga,2015-10-02,-1,2727.0,2462.0,3910.0,2601.0,1364.0,2801.0,1077.0,3055.0,3822.0,4781.0,5220.0,1347.0,1022.0,3911.0,3488.0,2645.0,743.0,5176.0,1160.0,4341.0,1775.0,1037.0
15919,53,2,0,41,bundesliga,2015-10-03,2,5529.0,2059.0,2064.0,503.0,5340.0,4533.0,4748.0,827.0,4176.0,4567.0,4922.0,712.0,1898.0,2868.0,1976.0,1781.0,5534.0,5152.0,4583.0,1780.0,4192.0,4236.0
15920,5,1,0,28,bundesliga,2015-10-03,1,2377.0,36.0,1965.0,4382.0,2586.0,3865.0,1296.0,4694.0,1974.0,4756.0,2668.0,974.0,618.0,2569.0,1422.0,1327.0,614.0,916.0,4635.0,17.0,2024.0,3572.0
15921,40,3,0,54,bundesliga,2015-10-03,3,3982.0,1032.0,88.0,1615.0,3086.0,4025.0,248.0,343.0,1717.0,1388.0,309.0,4525.0,930.0,4210.0,2702.0,3204.0,4122.0,2950.0,1558.0,4437.0,1036.0,565.0
15922,37,2,2,2,bundesliga,2015-10-03,0,3088.0,4070.0,4507.0,670.0,2661.0,470.0,739.0,5125.0,2648.0,1494.0,822.0,1943.0,4656.0,2503.0,3871.0,2350.0,5103.0,2439.0,3635.0,1004.0,3174.0,3161.0
15923,46,2,0,39,bundesliga,2015-10-03,2,1068.0,3854.0,5115.0,755.0,4069.0,339.0,3748.0,1212.0,2414.0,3730.0,2209.0,1747.0,3199.0,964.0,3944.0,3402.0,4564.0,358.0,5439.0,958.0,1221.0,1991.0
15924,35,0,3,49,bundesliga,2015-10-04,-3,3176.0,5061.0,1918.0,33.0,147.0,1629.0,5137.0,3783.0,2471.0,140.0,331.0,4362.0,495.0,4901.0,600.0,2662.0,603.0,286.0,224.0,3985.0,4886.0,1995.0
15925,44,5,1,10,bundesliga,2015-10-04,4,809.0,2411.0,593.0,2771.0,370.0,5173.0,1961.0,3477.0,2608.0,784.0,4075.0,3544.0,4598.0,1723.0,1619.0,3874.0,2091.0,4082.0,2086.0,60.0,3920.0,536.0
15926,36,1,1,1,bundesliga,2015-10-04,0,2497.0,179.0,2743.0,2817.0,1133.0,61.0,412.0,4604.0,2625.0,3339.0,5518.0,730.0,5322.0,1273.0,1576.0,2365.0,4234.0,4217.0,1774.0,3039.0,2469.0,76.0
15927,55,0,2,10,bundesliga,2015-10-16,-2,1347.0,1022.0,855.0,3911.0,3488.0,743.0,5176.0,1160.0,4341.0,1775.0,1037.0,3544.0,4737.0,1723.0,1619.0,4807.0,4082.0,2086.0,60.0,3920.0,536.0,1905.0
15928,35,2,1,40,bundesliga,2015-10-17,1,3176.0,5061.0,2409.0,33.0,408.0,1629.0,5137.0,3783.0,2471.0,3383.0,140.0,3982.0,1640.0,1032.0,1615.0,3086.0,4025.0,248.0,343.0,1717.0,1388.0,309.0
15929,41,4,2,37,bundesliga,2015-10-17,2,712.0,4909.0,2868.0,1976.0,4583.0,652.0,1780.0,5012.0,1852.0,63.0,4236.0,3088.0,4070.0,4507.0,670.0,2661.0,470.0,739.0,5125.0,3301.0,1494.0,822.0
15930,54,0,0,36,bundesliga,2015-10-17,0,1735.0,930.0,4210.0,2702.0,3204.0,2950.0,1558.0,4437.0,1650.0,1036.0,565.0,2497.0,179.0,2743.0,2817.0,3071.0,61.0,5314.0,3339.0,3098.0,2971.0,5518.0
15931,1,0,2,43,bundesliga,2015-10-17,-2,730.0,5322.0,1273.0,561.0,2365.0,4234.0,4217.0,1774.0,3039.0,2262.0,2213.0,2727.0,2462.0,3910.0,2601.0,1364.0,2801.0,1077.0,3055.0,3822.0,4781.0,5220.0
15932,28,0,1,44,bundesliga,2015-10-17,-1,974.0,618.0,2569.0,1327.0,3063.0,4000.0,4635.0,17.0,525.0,2024.0,3572.0,809.0,2411.0,1707.0,593.0,1002.0,370.0,5173.0,3477.0,2608.0,4030.0,4075.0
15933,39,1,5,53,bundesliga,2015-10-17,-4,1747.0,2996.0,3199.0,964.0,3944.0,1148.0,358.0,5439.0,1221.0,1991.0,651.0,3884.0,2059.0,2064.0,503.0,5340.0,4533.0,4748.0,827.0,4176.0,4567.0,4922.0
15934,49,0,1,5,bundesliga,2015-10-18,-1,4362.0,495.0,4901.0,600.0,2662.0,603.0,286.0,224.0,3985.0,4886.0,1995.0,2377.0,36.0,1965.0,4382.0,2586.0,3865.0,1296.0,4694.0,1974.0,4756.0,2668.0
15935,2,1,0,46,bundesliga,2015-10-18,1,1943.0,4656.0,2503.0,3871.0,2350.0,5103.0,2439.0,3635.0,1004.0,3174.0,3161.0,1068.0,1029.0,3854.0,5115.0,755.0,4069.0,1212.0,2414.0,874.0,2209.0,4068.0
15936,37,0,1,54,bundesliga,2015-10-23,-1,3088.0,4070.0,670.0,2661.0,470.0,5125.0,2648.0,3301.0,4150.0,1494.0,822.0,1735.0,930.0,4210.0,2702.0,1802.0,2950.0,1558.0,1650.0,1036.0,1035.0,565.0
15937,44,4,0,49,bundesliga,2015-10-24,4,809.0,2411.0,593.0,1002.0,3477.0,2608.0,1114.0,4030.0,1067.0,784.0,4075.0,4362.0,495.0,4901.0,3426.0,2662.0,4074.0,286.0,224.0,3985.0,4886.0,5438.0
15938,36,4,3,2,bundesliga,2015-10-24,1,2497.0,2817.0,3071.0,1133.0,4604.0,5314.0,2625.0,3339.0,3098.0,1155.0,2971.0,1943.0,4656.0,2503.0,3871.0,1945.0,2350.0,4613.0,5103.0,3635.0,1004.0,3174.0
15939,5,1,2,39,bundesliga,2015-10-24,-1,2377.0,87.0,2136.0,3865.0,4756.0,36.0,1974.0,4382.0,1965.0,4694.0,2684.0,2668.0,1747.0,4564.0,3944.0,3402.0,2782.0,358.0,5439.0,958.0,1991.0,964.0
15940,55,1,3,28,bundesliga,2015-10-24,-2,1347.0,2690.0,1022.0,3488.0,2645.0,743.0,1160.0,4341.0,1418.0,1775.0,1037.0,974.0,618.0,2569.0,1327.0,614.0,4000.0,916.0,4635.0,17.0,2024.0,3572.0
15941,43,0,1,41,bundesliga,2015-10-24,-1,2727.0,2462.0,3910.0,2601.0,1364.0,2801.0,1077.0,3055.0,3822.0,2940.0,5220.0,712.0,4909.0,2868.0,1976.0,652.0,1780.0,5012.0,1852.0,3273.0,63.0,4236.0
15942,46,0,1,40,bundesliga,2015-10-24,-1,1212.0,1068.0,5115.0,755.0,3854.0,4069.0,1029.0,3748.0,4992.0,874.0,2414.0,2209.0,3982.0,1615.0,1640.0,1717.0,1032.0,1388.0,4025.0,343.0,4048.0,3193.0
15943,10,5,1,1,bundesliga,2015-10-25,4,3544.0,4598.0,4737.0,1723.0,1619.0,2750.0,2091.0,4082.0,2086.0,536.0,1905.0,730.0,5322.0,1273.0,561.0,4217.0,1774.0,1103.0,3039.0,2469.0,3852.0,76.0
15944,53,3,1,35,bundesliga,2015-10-25,2,3884.0,2059.0,384.0,503.0,5340.0,4533.0,4748.0,827.0,4176.0,4567.0,4922.0,3176.0,5061.0,1918.0,2409.0,33.0,408.0,1629.0,1097.0,3783.0,2471.0,140.0
15945,39,0,0,44,bundesliga,2015-10-30,0,1747.0,4564.0,3402.0,2996.0,964.0,3199.0,2304.0,5439.0,958.0,651.0,1991.0,809.0,3477.0,1583.0,593.0,1002.0,5173.0,1114.0,4030.0,784.0,1067.0,4075.0
15946,35,1,1,46,bundesliga,2015-10-31,0,3176.0,1918.0,2409.0,33.0,5061.0,2471.0,5137.0,2502.0,3783.0,140.0,331.0,1068.0,5115.0,755.0,3854.0,4069.0,3748.0,1029.0,4992.0,1451.0,3730.0,2414.0
15947,1,3,3,55,bundesliga,2015-10-31,0,730.0,2365.0,2383.0,1273.0,1103.0,2213.0,2469.0,4217.0,1824.0,3132.0,76.0,1347.0,2690.0,3488.0,1022.0,855.0,5270.0,1160.0,5176.0,4341.0,1037.0,1775.0
15948,28,1,3,10,bundesliga,2015-10-31,-2,974.0,1327.0,618.0,614.0,4419.0,4000.0,17.0,3572.0,916.0,4635.0,2024.0,3544.0,4737.0,1619.0,1723.0,4807.0,4082.0,3920.0,2086.0,60.0,1905.0,536.0
15949,49,0,0,37,bundesliga,2015-10-31,0,4362.0,3985.0,2662.0,4901.0,495.0,1995.0,224.0,4074.0,2612.0,3395.0,4886.0,3088.0,4507.0,3301.0,670.0,5214.0,739.0,2648.0,470.0,5125.0,4732.0,1494.0
15950,40,1,4,53,bundesliga,2015-10-31,-3,3982.0,1615.0,1640.0,1717.0,1032.0,4025.0,1388.0,248.0,3086.0,3193.0,343.0,3884.0,3380.0,2059.0,2064.0,5340.0,4922.0,4533.0,827.0,4748.0,4567.0,4176.0
15951,41,2,1,36,bundesliga,2015-10-31,1,712.0,5534.0,2868.0,1898.0,1976.0,5152.0,5012.0,3273.0,4192.0,4583.0,4590.0,2497.0,179.0,2817.0,2743.0,1133.0,5518.0,4604.0,61.0,2625.0,1155.0,3339.0
15952,2,2,0,43,bundesliga,2015-11-01,2,1943.0,3871.0,2350.0,4656.0,2503.0,1945.0,2439.0,1004.0,3270.0,3635.0,3174.0,2727.0,2801.0,1364.0,2462.0,3910.0,1077.0,3822.0,3055.0,4781.0,2601.0,5220.0
15953,54,1,2,5,bundesliga,2015-11-01,-1,1735.0,930.0,4210.0,3204.0,2702.0,1036.0,4122.0,1558.0,1035.0,313.0,565.0,2377.0,87.0,2136.0,3865.0,4756.0,36.0,1974.0,4382.0,1965.0,4694.0,2684.0
15954,5,1,3,40,bundesliga,2015-11-06,-2,2377.0,87.0,2136.0,3865.0,4756.0,36.0,1965.0,4382.0,5132.0,4694.0,2684.0,2668.0,3982.0,1966.0,1640.0,4762.0,1032.0,1717.0,1388.0,1615.0,4025.0,248.0
15955,44,4,0,2,bundesliga,2015-11-07,4,809.0,1002.0,593.0,2411.0,1114.0,591.0,4030.0,784.0,2608.0,4075.0,1067.0,1943.0,3871.0,2350.0,4656.0,2503.0,2439.0,1945.0,3635.0,3270.0,1606.0,3174.0
15956,36,1,2,49,bundesliga,2015-11-07,-1,2497.0,2971.0,2817.0,2743.0,1133.0,4604.0,3071.0,61.0,2625.0,1155.0,3339.0,4362.0,3985.0,3426.0,4901.0,495.0,1995.0,224.0,4074.0,603.0,3395.0,4886.0
15957,53,0,0,46,bundesliga,2015-11-07,0,3884.0,3380.0,2059.0,2064.0,5340.0,4922.0,4533.0,827.0,4748.0,4176.0,4567.0,1212.0,1068.0,5115.0,755.0,3854.0,4069.0,4992.0,1029.0,874.0,3730.0,2209.0
15958,37,0,0,39,bundesliga,2015-11-07,0,3088.0,3301.0,670.0,4070.0,5214.0,822.0,739.0,2648.0,5125.0,3207.0,1494.0,1747.0,4564.0,3402.0,2996.0,964.0,958.0,5439.0,358.0,3199.0,1991.0,651.0
15959,55,2,0,41,bundesliga,2015-11-07,2,2645.0,1347.0,3911.0,2690.0,3488.0,855.0,1160.0,5270.0,5176.0,4341.0,1037.0,1775.0,712.0,1852.0,2868.0,4909.0,1976.0,5152.0,5012.0,3273.0,652.0,4583.0
15960,43,1,1,54,bundesliga,2015-11-07,0,2727.0,2801.0,1364.0,2462.0,3910.0,3822.0,1077.0,3055.0,4781.0,2601.0,5220.0,1735.0,5253.0,4210.0,3204.0,2702.0,1036.0,4122.0,1558.0,1035.0,565.0,313.0
15961,10,3,2,35,bundesliga,2015-11-08,1,3544.0,4737.0,1619.0,1723.0,2750.0,4082.0,3920.0,2091.0,2086.0,60.0,536.0,3176.0,1918.0,147.0,33.0,5061.0,2471.0,5137.0,2502.0,3783.0,140.0,331.0
15962,1,1,2,28,bundesliga,2015-11-08,-1,730.0,2365.0,5322.0,1273.0,561.0,4217.0,76.0,3039.0,2469.0,2213.0,1824.0,974.0,1327.0,618.0,614.0,2569.0,4000.0,17.0,1422.0,3913.0,4635.0,2024.0
15963,54,3,1,10,bundesliga,2015-11-20,2,1735.0,5253.0,4210.0,3204.0,2702.0,1501.0,1174.0,1036.0,1558.0,1650.0,565.0,3544.0,4737.0,1619.0,1723.0,2750.0,4082.0,3920.0,1905.0,2086.0,60.0,536.0
15964,53,2,1,5,bundesliga,2015-11-21,1,3884.0,503.0,2059.0,384.0,5340.0,4922.0,3380.0,4533.0,4748.0,4176.0,4567.0,2377.0,2586.0,2136.0,3865.0,4756.0,36.0,1974.0,2094.0,4382.0,5132.0,2668.0
15965,41,6,0,28,bundesliga,2015-11-21,6,712.0,1852.0,2868.0,4909.0,1781.0,5012.0,5152.0,3273.0,4236.0,4583.0,63.0,974.0,1164.0,618.0,614.0,2569.0,4000.0,17.0,3572.0,916.0,4635.0,2024.0
15966,39,1,3,36,bundesliga,2015-11-21,-2,1747.0,4564.0,3402.0,2996.0,964.0,5439.0,2304.0,958.0,1991.0,3199.0,1221.0,2497.0,179.0,2817.0,3071.0,1133.0,5518.0,4604.0,61.0,2625.0,1155.0,3339.0
15967,49,0,0,55,bundesliga,2015-11-21,0,4362.0,3985.0,3426.0,4901.0,495.0,1995.0,224.0,4074.0,603.0,3395.0,4886.0,1347.0,3911.0,3488.0,1022.0,855.0,743.0,1160.0,1037.0,4341.0,5176.0,1775.0
15968,2,0,4,1,bundesliga,2015-11-21,-4,2596.0,1945.0,2350.0,4656.0,2503.0,2439.0,3270.0,3871.0,3635.0,1606.0,3174.0,730.0,2365.0,5322.0,1273.0,561.0,3039.0,4217.0,1774.0,2469.0,2213.0,76.0
15969,35,1,3,44,bundesliga,2015-11-21,-2,3176.0,408.0,2409.0,33.0,147.0,5061.0,2471.0,5137.0,1097.0,3991.0,3783.0,331.0,809.0,3477.0,2771.0,1583.0,4906.0,2411.0,1114.0,5173.0,4030.0,2608.0
15970,40,1,0,37,bundesliga,2015-11-22,1,3982.0,1966.0,1640.0,4762.0,1032.0,1388.0,1717.0,248.0,4025.0,3086.0,343.0,3088.0,627.0,822.0,670.0,4070.0,5214.0,3301.0,4936.0,739.0,470.0,5125.0
15971,46,3,1,43,bundesliga,2015-11-22,2,1212.0,1068.0,5115.0,755.0,3854.0,4069.0,339.0,1029.0,3730.0,4992.0,874.0,2209.0,2727.0,2801.0,1364.0,2462.0,3910.0,3822.0,1077.0,3055.0,4781.0,2601.0
15972,43,0,0,49,bundesliga,2015-11-27,0,2727.0,2801.0,1364.0,2462.0,1716.0,3822.0,1077.0,3055.0,4781.0,2786.0,5220.0,4362.0,3985.0,3426.0,4901.0,495.0,603.0,224.0,4074.0,286.0,1995.0,4886.0
15973,44,2,0,40,bundesliga,2015-11-28,2,809.0,593.0,2771.0,1583.0,4906.0,3477.0,4030.0,5173.0,1002.0,2608.0,4075.0,1067.0,3982.0,1966.0,1640.0,4762.0,1032.0,1388.0,1717.0,248.0,4025.0,343.0
15974,28,1,3,54,bundesliga,2015-11-28,-2,974.0,1327.0,3063.0,614.0,2569.0,17.0,4000.0,4635.0,916.0,2024.0,3044.0,1735.0,5253.0,4210.0,1802.0,2702.0,1174.0,1558.0,1036.0,1035.0,1650.0,565.0
15975,5,4,0,46,bundesliga,2015-11-28,4,2377.0,2586.0,2136.0,3865.0,4756.0,36.0,1974.0,4382.0,5132.0,1965.0,1296.0,2668.0,4752.0,1212.0,1068.0,5115.0,755.0,3854.0,3632.0,4992.0,339.0,874.0
15976,37,3,3,53,bundesliga,2015-11-28,0,3088.0,627.0,822.0,3794.0,670.0,5214.0,3301.0,2648.0,470.0,4936.0,740.0,431.0,3884.0,503.0,2059.0,3380.0,5340.0,4184.0,4533.0,827.0,4748.0,4567.0
15977,55,2,1,39,bundesliga,2015-11-28,1,1347.0,3911.0,1022.0,473.0,855.0,743.0,1160.0,1037.0,4341.0,5176.0,1775.0,1747.0,4564.0,3402.0,2996.0,964.0,2304.0,3199.0,958.0,1991.0,4860.0,651.0
15978,10,4,1,2,bundesliga,2015-11-29,3,3544.0,3874.0,1619.0,4598.0,2750.0,4082.0,2091.0,2086.0,60.0,536.0,1905.0,3161.0,1943.0,1945.0,3499.0,4656.0,2503.0,5103.0,3270.0,1606.0,3635.0,3174.0
15979,36,1,1,35,bundesliga,2015-11-29,0,2497.0,179.0,2817.0,3071.0,2971.0,5518.0,4604.0,61.0,2625.0,1155.0,3339.0,3176.0,408.0,2409.0,33.0,5061.0,2471.0,5137.0,1097.0,3991.0,3783.0,331.0
15980,1,0,0,41,bundesliga,2015-11-29,0,730.0,2365.0,5322.0,1273.0,561.0,3039.0,4217.0,1774.0,2469.0,2213.0,76.0,712.0,1852.0,2868.0,4909.0,1781.0,3273.0,1780.0,5152.0,4192.0,63.0,4236.0
15981,35,3,1,5,bundesliga,2015-12-04,2,3176.0,408.0,2409.0,33.0,5061.0,5137.0,1629.0,2471.0,3783.0,3383.0,331.0,2377.0,2586.0,3865.0,4756.0,36.0,4382.0,1974.0,1965.0,2094.0,1296.0,2668.0
15982,53,3,1,44,bundesliga,2015-12-05,2,3884.0,503.0,2059.0,735.0,3380.0,5340.0,4176.0,827.0,4533.0,4748.0,4567.0,809.0,3477.0,4906.0,593.0,1002.0,2771.0,1583.0,5173.0,4030.0,2608.0,4075.0
15983,54,1,3,55,bundesliga,2015-12-05,-2,4525.0,5253.0,4210.0,1802.0,2702.0,1174.0,1558.0,1036.0,1035.0,1650.0,313.0,2645.0,1347.0,3911.0,1022.0,473.0,855.0,743.0,5270.0,5176.0,4341.0,1037.0
15984,49,0,1,1,bundesliga,2015-12-05,-1,4362.0,3985.0,3426.0,4901.0,495.0,5438.0,224.0,4074.0,603.0,3395.0,4886.0,730.0,2365.0,5322.0,1273.0,561.0,3039.0,4217.0,1774.0,2469.0,2213.0,76.0
15985,40,2,1,36,bundesliga,2015-12-05,1,3982.0,1966.0,1717.0,4762.0,1032.0,1615.0,4025.0,1388.0,248.0,309.0,343.0,2497.0,179.0,2817.0,3071.0,2971.0,5518.0,4604.0,61.0,1155.0,5314.0,3339.0
15986,46,1,1,37,bundesliga,2015-12-05,0,4752.0,1212.0,1068.0,5115.0,755.0,3854.0,3632.0,4992.0,339.0,874.0,4068.0,2209.0,2414.0,3088.0,627.0,822.0,3794.0,670.0,5214.0,3301.0,2648.0,470.0
15987,41,1,2,10,bundesliga,2015-12-05,-1,712.0,3273.0,2868.0,1898.0,1976.0,4583.0,1780.0,5152.0,652.0,4192.0,4236.0,3544.0,4737.0,5400.0,4598.0,2750.0,3874.0,4082.0,2091.0,60.0,536.0,1905.0
15988,2,1,1,28,bundesliga,2015-12-06,0,1943.0,1945.0,2350.0,4656.0,2503.0,2439.0,3270.0,5103.0,3635.0,1606.0,3174.0,974.0,1327.0,618.0,614.0,2569.0,4000.0,17.0,3572.0,4635.0,3913.0,2024.0
15989,39,0,1,43,bundesliga,2015-12-06,-1,1747.0,4564.0,3402.0,2996.0,964.0,2304.0,358.0,958.0,5439.0,4860.0,651.0,2727.0,918.0,1364.0,2462.0,1716.0,3822.0,1077.0,3055.0,4781.0,2786.0,5220.0
15990,55,0,0,2,bundesliga,2015-12-11,0,1347.0,3911.0,3488.0,1022.0,855.0,743.0,1160.0,5176.0,4341.0,1037.0,1775.0,1943.0,1945.0,2350.0,3499.0,2503.0,3270.0,2439.0,5103.0,3161.0,1606.0,3174.0
15991,44,2,0,46,bundesliga,2015-12-12,2,809.0,3477.0,593.0,389.0,1002.0,2771.0,1583.0,2608.0,4030.0,591.0,1067.0,4075.0,1068.0,5115.0,755.0,1029.0,3632.0,4992.0,339.0,3677.0,4068.0,2209.0
15992,41,1,1,54,bundesliga,2015-12-12,0,712.0,1852.0,2868.0,4909.0,1781.0,1780.0,3273.0,652.0,5152.0,4192.0,4236.0,1735.0,5253.0,3204.0,1802.0,2702.0,1174.0,1558.0,1036.0,1035.0,1650.0,565.0
15993,28,1,1,49,bundesliga,2015-12-12,0,974.0,1327.0,618.0,614.0,2569.0,4000.0,17.0,3572.0,916.0,3913.0,2024.0,4362.0,600.0,3426.0,4901.0,495.0,3985.0,224.0,4074.0,19.0,1995.0,4886.0
15994,37,1,0,5,bundesliga,2015-12-12,1,3088.0,4507.0,3794.0,670.0,5214.0,431.0,2648.0,627.0,5125.0,4936.0,822.0,2377.0,87.0,3865.0,4756.0,36.0,1965.0,4382.0,1296.0,2094.0,5526.0,2491.0
15995,43,0,4,40,bundesliga,2015-12-12,-4,2727.0,2801.0,1364.0,2462.0,1716.0,3055.0,918.0,1077.0,2786.0,4781.0,5220.0,3982.0,1966.0,1640.0,4762.0,1032.0,1388.0,1717.0,1615.0,4025.0,343.0,309.0
15996,36,5,0,53,bundesliga,2015-12-12,5,2497.0,3315.0,2817.0,3071.0,1133.0,61.0,5518.0,2625.0,4604.0,3098.0,3339.0,3884.0,384.0,2059.0,3380.0,5340.0,503.0,827.0,4533.0,4922.0,4567.0,4184.0
15997,1,2,1,35,bundesliga,2015-12-13,1,730.0,1103.0,3844.0,1273.0,561.0,3039.0,4217.0,1774.0,2469.0,2213.0,76.0,3176.0,408.0,2409.0,33.0,2502.0,1629.0,5137.0,2471.0,3783.0,3383.0,331.0
15998,10,4,1,39,bundesliga,2015-12-13,3,3544.0,3874.0,4598.0,1723.0,2750.0,4082.0,3920.0,2091.0,60.0,536.0,1905.0,1747.0,3199.0,545.0,2996.0,2782.0,2304.0,958.0,4564.0,1991.0,964.0,651.0
15999,35,1,0,37,bundesliga,2015-12-18,1,3176.0,408.0,2409.0,33.0,2502.0,3383.0,1629.0,5137.0,3783.0,140.0,331.0,3088.0,4507.0,3794.0,670.0,5214.0,431.0,739.0,627.0,5125.0,4936.0,1494.0
16000,54,0,1,1,bundesliga,2015-12-19,-1,1735.0,5253.0,4210.0,3204.0,2702.0,1174.0,1558.0,1036.0,4437.0,1650.0,565.0,730.0,2365.0,3844.0,1273.0,561.0,1103.0,4217.0,1774.0,1824.0,2213.0,76.0
16001,39,2,1,28,bundesliga,2015-12-19,1,1747.0,3199.0,3944.0,2996.0,964.0,958.0,4564.0,5439.0,2656.0,1991.0,651.0,974.0,1327.0,3063.0,614.0,4419.0,3913.0,3572.0,4000.0,916.0,3044.0,2024.0
16002,49,2,1,10,bundesliga,2015-12-19,1,4362.0,600.0,2662.0,3426.0,4901.0,495.0,286.0,224.0,19.0,3985.0,5438.0,3544.0,4737.0,1619.0,1723.0,4807.0,4082.0,3920.0,4837.0,60.0,536.0,2086.0
16003,5,0,1,44,bundesliga,2015-12-19,-1,2377.0,87.0,3865.0,4756.0,36.0,1974.0,4382.0,1296.0,1965.0,5526.0,3999.0,809.0,1002.0,593.0,389.0,4030.0,2771.0,1583.0,5173.0,370.0,2608.0,4075.0
16004,46,0,1,36,bundesliga,2015-12-19,-1,790.0,304.0,755.0,1029.0,3860.0,2308.0,4992.0,339.0,3677.0,4068.0,2414.0,874.0,2497.0,179.0,2817.0,3071.0,1133.0,61.0,5518.0,4604.0,2625.0,3339.0
16005,2,3,1,41,bundesliga,2015-12-19,2,1943.0,3871.0,2350.0,3499.0,2503.0,1945.0,3270.0,5103.0,3635.0,1606.0,3174.0,712.0,1852.0,2868.0,1898.0,1781.0,1780.0,5152.0,4583.0,4236.0,652.0,4192.0
16006,40,2,0,55,bundesliga,2015-12-20,2,3982.0,1615.0,1640.0,4762.0,1032.0,1388.0,1717.0,248.0,4025.0,343.0,309.0,1347.0,3911.0,3488.0,1022.0,855.0,743.0,1160.0,3551.0,4341.0,1037.0,1775.0
16007,53,3,2,43,bundesliga,2015-12-20,1,3884.0,503.0,735.0,2059.0,5340.0,4748.0,3380.0,827.0,355.0,4567.0,4176.0,2727.0,2801.0,1364.0,2462.0,1716.0,3822.0,1077.0,3055.0,4781.0,2786.0,5220.0
16008,54,1,2,44,bundesliga,2016-01-22,-1,1735.0,930.0,4210.0,1802.0,2702.0,1501.0,1558.0,1036.0,4437.0,1650.0,565.0,809.0,3477.0,593.0,389.0,2411.0,5173.0,784.0,2608.0,370.0,1067.0,4075.0
16009,49,1,3,2,bundesliga,2016-01-23,-2,4362.0,600.0,3426.0,4901.0,495.0,224.0,4074.0,3985.0,1995.0,603.0,4886.0,1943.0,2208.0,1945.0,3499.0,2503.0,2439.0,3270.0,5103.0,3635.0,1606.0,3174.0
16010,5,1,2,43,bundesliga,2016-01-23,-1,2377.0,87.0,3865.0,4756.0,2586.0,4382.0,1604.0,5526.0,1974.0,1012.0,4150.0,2727.0,2801.0,1364.0,590.0,2462.0,3822.0,1077.0,3055.0,4781.0,2601.0,5220.0
16011,40,0,0,1,bundesliga,2016-01-23,0,3982.0,1615.0,1640.0,4762.0,1032.0,1717.0,1388.0,248.0,4025.0,343.0,309.0,730.0,2365.0,3844.0,1273.0,561.0,3039.0,4217.0,1774.0,1824.0,2213.0,76.0
16012,37,1,1,36,bundesliga,2016-01-23,0,3088.0,4507.0,3794.0,670.0,5214.0,739.0,627.0,822.0,378.0,5125.0,1494.0,2497.0,2880.0,2817.0,3071.0,1133.0,61.0,5518.0,4604.0,2625.0,3339.0,3098.0
16013,46,1,0,55,bundesliga,2016-01-23,1,1068.0,304.0,755.0,3854.0,3632.0,4992.0,339.0,874.0,3730.0,1451.0,2414.0,1347.0,3911.0,2690.0,1022.0,2216.0,743.0,1160.0,3551.0,4341.0,1037.0,3573.0
16014,53,1,3,10,bundesliga,2016-01-23,-2,3884.0,503.0,735.0,2059.0,5340.0,4922.0,3380.0,4533.0,4748.0,4567.0,4176.0,3544.0,3874.0,1619.0,1723.0,4807.0,4082.0,3920.0,2091.0,60.0,536.0,1905.0
16015,39,3,2,41,bundesliga,2016-01-24,1,1747.0,4564.0,3402.0,2996.0,964.0,3944.0,5439.0,958.0,1991.0,1607.0,651.0,712.0,3273.0,2868.0,4909.0,1976.0,1852.0,1780.0,652.0,4236.0,4583.0,4192.0
16016,35,1,3,28,bundesliga,2016-01-24,-2,3176.0,1918.0,147.0,33.0,2502.0,1629.0,5137.0,2471.0,3783.0,3383.0,331.0,974.0,1327.0,614.0,2020.0,2569.0,3913.0,3572.0,4000.0,916.0,2024.0,3044.0
16017,55,1,0,53,bundesliga,2016-01-29,1,1347.0,3911.0,2690.0,1022.0,2216.0,743.0,1160.0,3551.0,4341.0,1037.0,1775.0,3884.0,503.0,2059.0,123.0,5340.0,4922.0,3380.0,4748.0,4837.0,4567.0,4176.0
16018,10,2,0,46,bundesliga,2016-01-30,2,3544.0,3874.0,1619.0,1723.0,3149.0,4737.0,3920.0,60.0,2086.0,1753.0,536.0,1068.0,304.0,755.0,3854.0,3632.0,3748.0,339.0,874.0,3730.0,2335.0,2414.0
16019,36,3,0,5,bundesliga,2016-01-30,3,2497.0,3315.0,2817.0,3071.0,1133.0,61.0,5518.0,4604.0,2625.0,3339.0,3098.0,2377.0,87.0,2136.0,3865.0,2094.0,36.0,1604.0,1504.0,1974.0,5526.0,1012.0
16020,1,0,0,39,bundesliga,2016-01-30,0,730.0,2365.0,3844.0,1273.0,561.0,3039.0,4217.0,1774.0,1824.0,533.0,76.0,1747.0,4564.0,3402.0,2996.0,964.0,3944.0,5439.0,958.0,1991.0,1607.0,199.0
16021,28,3,3,40,bundesliga,2016-01-30,0,974.0,1327.0,614.0,2020.0,2569.0,3913.0,3572.0,4635.0,916.0,3044.0,2024.0,3982.0,1615.0,1640.0,4762.0,1032.0,1717.0,1388.0,248.0,4025.0,343.0,309.0
16022,43,0,2,35,bundesliga,2016-01-30,-2,2727.0,2801.0,1364.0,590.0,2462.0,3055.0,3822.0,1077.0,2601.0,4781.0,5220.0,3176.0,1918.0,33.0,147.0,2502.0,1629.0,5137.0,2471.0,3783.0,3383.0,331.0
16023,2,2,1,54,bundesliga,2016-01-30,1,1943.0,2208.0,1945.0,3499.0,2503.0,2439.0,5103.0,3270.0,3635.0,1606.0,3174.0,1735.0,930.0,4210.0,1802.0,2702.0,1501.0,1558.0,1036.0,4437.0,1650.0,565.0
16024,41,1,1,49,bundesliga,2016-01-31,0,712.0,5534.0,2868.0,4909.0,1976.0,3273.0,1780.0,5012.0,652.0,4192.0,4236.0,4362.0,3985.0,3426.0,582.0,495.0,603.0,224.0,286.0,3859.0,5438.0,4886.0
16025,44,2,0,37,bundesliga,2016-01-31,2,809.0,3477.0,5173.0,389.0,2411.0,2608.0,591.0,784.0,1114.0,4075.0,1067.0,3088.0,4507.0,4070.0,670.0,5214.0,739.0,627.0,5434.0,378.0,5125.0,1494.0
16026,53,5,1,28,bundesliga,2016-02-05,4,3884.0,735.0,2059.0,123.0,5340.0,355.0,3380.0,4533.0,4748.0,4176.0,4567.0,974.0,1327.0,614.0,2020.0,1253.0,3913.0,3572.0,4635.0,4059.0,2024.0,3044.0
16027,35,3,0,41,bundesliga,2016-02-06,3,3176.0,1918.0,33.0,147.0,2502.0,1629.0,5137.0,2471.0,3783.0,3383.0,331.0,712.0,5534.0,2868.0,2885.0,1976.0,1780.0,3273.0,652.0,4236.0,4583.0,4590.0
16028,39,2,4,2,bundesliga,2016-02-06,-2,1747.0,1966.0,3402.0,3340.0,964.0,3944.0,5439.0,958.0,199.0,1607.0,1991.0,1943.0,2208.0,1945.0,3499.0,2503.0,2439.0,5103.0,3270.0,3635.0,1606.0,3174.0
16029,5,0,1,55,bundesliga,2016-02-06,-1,2377.0,87.0,3893.0,4756.0,5526.0,1504.0,1604.0,5132.0,1974.0,1012.0,4150.0,1347.0,179.0,2690.0,1022.0,2216.0,1160.0,743.0,3551.0,4341.0,1037.0,1775.0
16030,40,0,0,10,bundesliga,2016-02-06,0,3982.0,1615.0,1640.0,4762.0,1032.0,343.0,1717.0,4199.0,248.0,4025.0,309.0,3544.0,3874.0,1619.0,1723.0,2750.0,4082.0,3920.0,2091.0,1905.0,536.0,60.0
16031,46,2,1,1,bundesliga,2016-02-06,1,1068.0,304.0,755.0,3854.0,3632.0,4992.0,339.0,3748.0,3730.0,2335.0,2414.0,730.0,2365.0,3844.0,1273.0,1576.0,3039.0,1774.0,2469.0,1824.0,2213.0,76.0
16032,36,0,0,44,bundesliga,2016-02-06,0,2497.0,2880.0,2817.0,3071.0,1133.0,61.0,5518.0,4604.0,2625.0,3339.0,3098.0,809.0,3477.0,591.0,389.0,2411.0,5173.0,1067.0,4030.0,1114.0,784.0,4075.0
16033,54,1,1,49,bundesliga,2016-02-07,0,1735.0,5253.0,4210.0,3204.0,2702.0,1501.0,1558.0,1036.0,4437.0,4184.0,565.0,4362.0,3426.0,582.0,4901.0,3985.0,286.0,495.0,3859.0,5438.0,4886.0,603.0
16034,37,0,2,43,bundesliga,2016-02-07,-2,3088.0,4507.0,4070.0,670.0,2661.0,739.0,627.0,822.0,378.0,5125.0,5434.0,2727.0,918.0,1364.0,590.0,2462.0,3055.0,3822.0,1077.0,2601.0,4781.0,5220.0
16035,55,2,1,35,bundesliga,2016-02-12,1,1347.0,179.0,2690.0,1022.0,2216.0,743.0,1160.0,3551.0,4341.0,1037.0,3573.0,3176.0,1918.0,33.0,147.0,2502.0,1629.0,5137.0,2471.0,3783.0,1756.0,331.0
16036,10,1,0,5,bundesliga,2016-02-13,1,3544.0,3874.0,5400.0,1723.0,2750.0,4082.0,4737.0,2091.0,60.0,1905.0,2086.0,2377.0,87.0,3893.0,2094.0,36.0,4382.0,1604.0,5526.0,1296.0,2668.0,5132.0
16037,41,2,0,46,bundesliga,2016-02-13,2,638.0,5534.0,2868.0,2885.0,1781.0,1852.0,5012.0,3273.0,652.0,4583.0,4236.0,1068.0,304.0,755.0,3854.0,3632.0,4992.0,339.0,3748.0,2335.0,3730.0,2414.0
16038,2,2,0,40,bundesliga,2016-02-13,2,1943.0,2208.0,1945.0,3499.0,2503.0,2439.0,5103.0,3161.0,3270.0,1606.0,3174.0,3982.0,3580.0,1640.0,4762.0,1032.0,1717.0,1388.0,248.0,4025.0,3086.0,309.0
16039,28,1,1,37,bundesliga,2016-02-13,0,974.0,1327.0,618.0,2020.0,2569.0,614.0,3044.0,3572.0,916.0,17.0,2024.0,3088.0,627.0,3794.0,670.0,4070.0,822.0,739.0,3979.0,4936.0,1494.0,5434.0
16040,43,1,2,36,bundesliga,2016-02-13,-1,2727.0,918.0,1364.0,590.0,2462.0,3055.0,3822.0,1077.0,2786.0,4781.0,5220.0,2497.0,2880.0,2817.0,3071.0,1133.0,61.0,2130.0,4604.0,1155.0,5314.0,3098.0
16041,49,3,1,39,bundesliga,2016-02-13,2,4362.0,3426.0,582.0,4901.0,3985.0,286.0,495.0,3859.0,5438.0,4886.0,603.0,1747.0,1966.0,3944.0,2996.0,964.0,4564.0,5439.0,958.0,199.0,1607.0,1991.0
16042,54,3,2,53,bundesliga,2016-02-14,1,1735.0,5253.0,3204.0,1802.0,2702.0,1174.0,1558.0,1036.0,4437.0,4184.0,1051.0,3884.0,3380.0,2059.0,123.0,5340.0,355.0,4533.0,827.0,4748.0,4567.0,4176.0
16043,1,1,3,44,bundesliga,2016-02-14,-2,730.0,2365.0,3844.0,1273.0,561.0,4520.0,2469.0,3039.0,3852.0,2213.0,76.0,809.0,3477.0,591.0,2411.0,1707.0,4030.0,1114.0,2608.0,370.0,784.0,4075.0
16044,39,0,0,54,bundesliga,2016-02-19,0,1747.0,1966.0,3402.0,2996.0,4564.0,3944.0,5439.0,958.0,199.0,1607.0,1991.0,1735.0,5253.0,4210.0,3204.0,2702.0,1174.0,1558.0,1036.0,4437.0,4184.0,1051.0
16045,44,3,1,43,bundesliga,2016-02-20,2,809.0,1002.0,591.0,5384.0,2411.0,4030.0,1114.0,2608.0,784.0,1067.0,4075.0,2727.0,2801.0,2462.0,590.0,3910.0,918.0,1716.0,1564.0,714.0,2786.0,5220.0
16046,53,1,0,49,bundesliga,2016-02-20,1,3884.0,735.0,2059.0,3380.0,5340.0,355.0,4533.0,827.0,4748.0,4176.0,4567.0,4362.0,600.0,3426.0,4901.0,3859.0,495.0,224.0,1995.0,286.0,603.0,4886.0
16047,40,1,1,41,bundesliga,2016-02-20,0,3982.0,1615.0,1640.0,4762.0,1032.0,1388.0,1717.0,248.0,4025.0,343.0,309.0,638.0,1852.0,2868.0,4909.0,1976.0,5152.0,5012.0,3273.0,652.0,1781.0,4236.0
16048,37,3,2,55,bundesliga,2016-02-20,1,3088.0,4507.0,3794.0,670.0,822.0,4936.0,627.0,739.0,3979.0,4732.0,1494.0,1347.0,3911.0,2690.0,473.0,2216.0,743.0,1160.0,3551.0,4341.0,1037.0,3573.0
16049,46,2,0,28,bundesliga,2016-02-20,2,1068.0,304.0,755.0,3854.0,3632.0,4992.0,339.0,3677.0,3730.0,2335.0,2414.0,974.0,1327.0,618.0,2020.0,2569.0,614.0,916.0,4630.0,3913.0,3044.0,2024.0
16050,36,0,1,10,bundesliga,2016-02-21,-1,2497.0,2880.0,2817.0,3071.0,1133.0,61.0,5518.0,4604.0,1155.0,3098.0,3339.0,3544.0,3874.0,1619.0,1723.0,3149.0,4737.0,4598.0,5233.0,381.0,536.0,60.0
16051,35,1,1,2,bundesliga,2016-02-21,0,3176.0,1918.0,33.0,147.0,2502.0,1629.0,5137.0,1815.0,1756.0,3383.0,331.0,1943.0,2208.0,1945.0,3499.0,2503.0,2439.0,5103.0,3635.0,3270.0,1606.0,3174.0
16052,5,0,1,1,bundesliga,2016-02-21,-1,2377.0,87.0,2094.0,3893.0,36.0,1604.0,1296.0,4382.0,5526.0,5132.0,2668.0,730.0,2365.0,4520.0,1273.0,561.0,3039.0,1103.0,1774.0,2469.0,2213.0,460.0
16053,49,0,1,40,bundesliga,2016-02-26,-1,603.0,4886.0,286.0,3859.0,495.0,224.0,3985.0,4901.0,582.0,3426.0,4362.0,343.0,309.0,248.0,1717.0,1388.0,1615.0,1032.0,4762.0,88.0,3580.0,3982.0
16054,41,0,2,44,bundesliga,2016-02-27,-2,4236.0,5152.0,1781.0,5012.0,1852.0,652.0,1976.0,4909.0,2868.0,3273.0,638.0,4075.0,784.0,1114.0,2608.0,1067.0,5173.0,1707.0,2411.0,591.0,3477.0,809.0
16055,54,1,1,46,bundesliga,2016-02-27,0,1051.0,4184.0,4437.0,1036.0,1558.0,1174.0,2702.0,3204.0,4210.0,5253.0,1735.0,2414.0,2335.0,2209.0,3677.0,339.0,4992.0,3632.0,3854.0,755.0,304.0,790.0
16056,2,1,2,5,bundesliga,2016-02-27,-1,3174.0,1606.0,3270.0,3161.0,5103.0,2439.0,2503.0,3499.0,1945.0,2208.0,1943.0,4544.0,1296.0,4694.0,249.0,1604.0,1504.0,2586.0,4756.0,4382.0,87.0,2377.0
16057,28,2,2,43,bundesliga,2016-02-27,0,2024.0,3044.0,4635.0,916.0,2285.0,17.0,2569.0,2020.0,614.0,1327.0,974.0,5220.0,2601.0,4781.0,3055.0,1077.0,3822.0,2462.0,590.0,1364.0,918.0,2727.0
16058,1,2,2,53,bundesliga,2016-02-28,0,460.0,2213.0,4234.0,76.0,3039.0,533.0,561.0,1273.0,4520.0,2365.0,730.0,4176.0,355.0,4748.0,827.0,4533.0,4922.0,5340.0,3380.0,2059.0,735.0,3884.0
16059,10,3,1,37,bundesliga,2016-02-28,2,1905.0,536.0,60.0,2086.0,3920.0,1910.0,2750.0,4598.0,5400.0,3874.0,3544.0,822.0,4732.0,739.0,627.0,4936.0,2661.0,670.0,3794.0,4070.0,4507.0,3088.0
16060,55,3,1,36,bundesliga,2016-02-28,2,3573.0,1037.0,4341.0,5176.0,2113.0,743.0,2216.0,3488.0,2690.0,179.0,1347.0,3339.0,1155.0,5314.0,2625.0,5518.0,61.0,1133.0,2629.0,2817.0,3315.0,2497.0
16061,39,0,0,35,bundesliga,2016-02-28,0,1991.0,1607.0,199.0,651.0,3944.0,5439.0,964.0,2996.0,3402.0,4564.0,1747.0,331.0,5061.0,1756.0,1918.0,1097.0,1629.0,2502.0,147.0,33.0,408.0,3176.0
16062,5,0,4,41,bundesliga,2016-03-01,-4,4694.0,4544.0,249.0,1296.0,1604.0,1504.0,2586.0,4756.0,4382.0,87.0,2377.0,4236.0,4192.0,5152.0,652.0,5012.0,1780.0,1976.0,4909.0,2885.0,1852.0,638.0
16063,46,1,1,49,bundesliga,2016-03-01,0,2414.0,2335.0,2209.0,3677.0,339.0,4992.0,3632.0,3854.0,755.0,304.0,1068.0,603.0,4886.0,286.0,224.0,3985.0,4901.0,582.0,3426.0,4362.0,4074.0,2662.0
16064,44,1,2,55,bundesliga,2016-03-02,-1,809.0,1002.0,4906.0,2411.0,1707.0,4030.0,1067.0,1114.0,370.0,1766.0,4075.0,1347.0,2690.0,3488.0,473.0,179.0,743.0,2113.0,2216.0,3551.0,4341.0,1037.0
16065,35,3,2,54,bundesliga,2016-03-02,1,3176.0,1918.0,33.0,147.0,5061.0,1097.0,1629.0,1815.0,1756.0,3783.0,331.0,1735.0,5253.0,4210.0,3204.0,2702.0,1174.0,1501.0,1036.0,1558.0,4184.0,565.0
16066,53,4,0,2,bundesliga,2016-03-02,4,3884.0,735.0,2059.0,3380.0,5340.0,355.0,4533.0,827.0,4748.0,4567.0,4176.0,1943.0,2208.0,1945.0,3499.0,2503.0,2439.0,1004.0,3635.0,3270.0,1606.0,3174.0
16067,40,2,0,39,bundesliga,2016-03-02,2,3982.0,3580.0,88.0,4762.0,1032.0,1615.0,4025.0,1388.0,248.0,343.0,309.0,1747.0,4564.0,3402.0,2996.0,964.0,5439.0,3944.0,958.0,199.0,1607.0,651.0
16068,37,2,1,1,bundesliga,2016-03-02,1,3088.0,4507.0,3794.0,670.0,3979.0,470.0,2648.0,4732.0,4936.0,822.0,1494.0,730.0,2365.0,4520.0,1273.0,1576.0,2469.0,3039.0,1774.0,4234.0,2213.0,460.0
16069,43,0,2,10,bundesliga,2016-03-02,-2,2727.0,918.0,1364.0,590.0,2462.0,3055.0,3822.0,1077.0,2601.0,714.0,5220.0,198.0,4737.0,5400.0,1723.0,3149.0,4082.0,3920.0,2091.0,3683.0,536.0,1753.0
16070,36,1,4,28,bundesliga,2016-03-02,-3,2497.0,3315.0,2880.0,2629.0,1133.0,5518.0,2625.0,61.0,5314.0,1155.0,3339.0,974.0,1327.0,614.0,2020.0,2569.0,916.0,3913.0,3572.0,4635.0,17.0,3044.0
16071,41,2,1,53,bundesliga,2016-03-05,1,4236.0,4192.0,652.0,1780.0,5012.0,5152.0,1976.0,4909.0,2885.0,3273.0,638.0,4176.0,4567.0,355.0,4748.0,827.0,4533.0,123.0,3380.0,2059.0,735.0,3884.0
16072,2,5,1,37,bundesliga,2016-03-05,4,1969.0,1606.0,3270.0,3635.0,5103.0,2439.0,2503.0,3499.0,1945.0,2208.0,1943.0,378.0,4732.0,822.0,2661.0,470.0,4936.0,4507.0,4070.0,3794.0,670.0,3088.0
16073,1,3,3,36,bundesliga,2016-03-05,0,460.0,2213.0,2469.0,1774.0,4217.0,3039.0,561.0,3844.0,4520.0,2365.0,730.0,4693.0,61.0,1155.0,2625.0,5518.0,5314.0,1133.0,2629.0,2880.0,2971.0,2497.0
16074,28,4,1,5,bundesliga,2016-03-05,3,3044.0,17.0,4635.0,916.0,3913.0,3572.0,2569.0,2020.0,614.0,1327.0,974.0,249.0,4694.0,1296.0,1504.0,4382.0,2094.0,2586.0,4756.0,3893.0,87.0,2377.0
16075,39,1,1,46,bundesliga,2016-03-05,0,651.0,199.0,1607.0,5439.0,3944.0,4564.0,964.0,2996.0,3402.0,1966.0,1747.0,4068.0,1451.0,3730.0,3748.0,1029.0,4992.0,4069.0,3854.0,755.0,3632.0,1068.0
16076,49,1,3,35,bundesliga,2016-03-05,-2,4886.0,3859.0,603.0,286.0,3985.0,224.0,495.0,4901.0,3426.0,2662.0,4362.0,331.0,1756.0,3783.0,1815.0,1097.0,1629.0,5061.0,147.0,33.0,1918.0,3176.0
16077,10,0,0,44,bundesliga,2016-03-05,0,1905.0,536.0,60.0,3149.0,4082.0,3920.0,2750.0,1723.0,4598.0,3874.0,3544.0,4075.0,784.0,2608.0,1114.0,4030.0,5173.0,1707.0,2411.0,591.0,3477.0,809.0
16078,55,0,0,43,bundesliga,2016-03-06,0,3573.0,1037.0,4341.0,5176.0,2113.0,743.0,2216.0,473.0,2690.0,179.0,1347.0,5220.0,2601.0,3055.0,2786.0,1077.0,3822.0,2462.0,590.0,1364.0,918.0,2727.0
16079,54,2,0,40,bundesliga,2016-03-06,2,1735.0,5253.0,1802.0,3204.0,2702.0,2950.0,1558.0,1036.0,4437.0,1650.0,1051.0,3982.0,3580.0,88.0,4762.0,1032.0,1615.0,1388.0,1717.0,4025.0,309.0,343.0
16080,40,2,0,35,bundesliga,2016-03-11,2,343.0,309.0,3086.0,4025.0,1388.0,248.0,1032.0,4762.0,88.0,1615.0,3982.0,331.0,1756.0,3783.0,1815.0,1097.0,1629.0,5061.0,147.0,33.0,1918.0,3176.0
16081,53,3,0,39,bundesliga,2016-03-12,3,4176.0,4567.0,4748.0,827.0,4533.0,355.0,123.0,3380.0,2059.0,735.0,3884.0,651.0,199.0,4564.0,958.0,358.0,2304.0,2782.0,3944.0,2996.0,1966.0,1747.0
16082,5,0,2,49,bundesliga,2016-03-12,-2,4150.0,249.0,4694.0,1296.0,4382.0,1974.0,2586.0,4756.0,3893.0,87.0,2377.0,4886.0,286.0,603.0,3985.0,4074.0,224.0,495.0,582.0,4901.0,2662.0,4362.0
16083,37,1,0,41,bundesliga,2016-03-12,1,5434.0,1494.0,822.0,4936.0,3794.0,4732.0,2661.0,4070.0,670.0,4507.0,3088.0,4583.0,4236.0,4192.0,5152.0,5012.0,1780.0,1976.0,4909.0,2885.0,1852.0,638.0
16084,46,3,3,2,bundesliga,2016-03-12,0,2414.0,2335.0,3730.0,3677.0,3748.0,339.0,3632.0,3854.0,755.0,304.0,1068.0,3174.0,1606.0,3635.0,3270.0,5103.0,2439.0,2503.0,3499.0,1945.0,2208.0,1943.0
16085,43,2,2,1,bundesliga,2016-03-12,0,5220.0,714.0,2786.0,1077.0,3822.0,3055.0,2462.0,590.0,1364.0,918.0,2727.0,460.0,2213.0,2469.0,1774.0,4217.0,3039.0,1576.0,3844.0,1273.0,1103.0,730.0
16086,44,5,0,28,bundesliga,2016-03-12,5,1961.0,1766.0,370.0,2608.0,1067.0,5173.0,2411.0,4906.0,591.0,3477.0,809.0,2024.0,2285.0,916.0,4005.0,3913.0,2569.0,2020.0,614.0,618.0,1327.0,974.0
16087,36,1,0,54,bundesliga,2016-03-13,1,2625.0,3339.0,5314.0,2743.0,2130.0,61.0,1133.0,3071.0,2817.0,2880.0,2497.0,1051.0,1650.0,4437.0,1036.0,1558.0,2950.0,2702.0,1802.0,4210.0,5253.0,1735.0
16088,10,2,0,55,bundesliga,2016-03-13,2,1905.0,536.0,60.0,2086.0,1910.0,2091.0,2750.0,1723.0,1619.0,3149.0,3544.0,3573.0,1037.0,4341.0,3551.0,2113.0,743.0,2216.0,1022.0,2690.0,3911.0,1347.0
16089,35,2,1,53,bundesliga,2016-03-18,1,140.0,2471.0,3783.0,1097.0,5137.0,2502.0,147.0,33.0,408.0,3176.0,1815.0,4176.0,4567.0,355.0,123.0,827.0,4533.0,4748.0,3380.0,2059.0,735.0,3884.0
16090,41,1,1,43,bundesliga,2016-03-19,0,4192.0,4236.0,4583.0,5152.0,5012.0,1780.0,1781.0,4909.0,2885.0,3273.0,638.0,5220.0,2601.0,714.0,3055.0,1077.0,3822.0,2462.0,590.0,1364.0,918.0,2727.0
16091,54,1,3,37,bundesliga,2016-03-19,-2,1051.0,1650.0,4437.0,1035.0,1558.0,2950.0,2702.0,3204.0,1802.0,5253.0,1735.0,822.0,5434.0,4732.0,4936.0,627.0,739.0,2661.0,670.0,4070.0,4507.0,3088.0
16092,28,1,1,55,bundesliga,2016-03-19,0,3044.0,17.0,4635.0,3572.0,3913.0,916.0,2569.0,2020.0,614.0,1327.0,974.0,3573.0,1037.0,4341.0,5176.0,1160.0,743.0,2216.0,473.0,1022.0,3911.0,1347.0
16093,49,0,1,44,bundesliga,2016-03-19,-1,4886.0,603.0,286.0,224.0,3985.0,495.0,4901.0,582.0,3426.0,2662.0,4362.0,4075.0,784.0,370.0,1067.0,1465.0,5173.0,1707.0,2411.0,591.0,1002.0,809.0
16094,40,2,1,46,bundesliga,2016-03-19,1,309.0,343.0,4025.0,248.0,3086.0,1388.0,1032.0,4762.0,88.0,1615.0,3982.0,2414.0,2335.0,3730.0,3748.0,339.0,4992.0,3632.0,1029.0,755.0,304.0,1068.0
16095,39,1,0,5,bundesliga,2016-03-19,1,651.0,1607.0,4023.0,5439.0,358.0,958.0,2782.0,3944.0,3402.0,5378.0,1747.0,1012.0,5526.0,4694.0,1296.0,2094.0,1504.0,2586.0,4756.0,3893.0,87.0,2377.0
16096,2,0,2,36,bundesliga,2016-03-20,-2,3174.0,1606.0,3270.0,3635.0,5103.0,2439.0,2503.0,3499.0,1945.0,3871.0,1943.0,3098.0,3339.0,5314.0,2892.0,5518.0,61.0,1133.0,2629.0,2817.0,2071.0,2497.0
16097,1,1,3,10,bundesliga,2016-03-20,-2,460.0,2213.0,2469.0,3039.0,4217.0,3844.0,561.0,1273.0,4520.0,2365.0,49.0,1905.0,1753.0,60.0,1910.0,3920.0,2086.0,3149.0,1723.0,1619.0,3874.0,3544.0
16098,36,3,0,41,bundesliga,2016-04-01,3,3098.0,5314.0,2625.0,61.0,412.0,5518.0,1133.0,2629.0,2817.0,2880.0,2497.0,4236.0,4192.0,652.0,3273.0,5152.0,1780.0,1976.0,4909.0,2885.0,1852.0,712.0
16099,44,1,0,39,bundesliga,2016-04-02,1,4075.0,1766.0,1961.0,2608.0,370.0,5173.0,1707.0,2411.0,1583.0,3477.0,809.0,651.0,964.0,4023.0,1607.0,958.0,4564.0,2782.0,2996.0,3402.0,5378.0,1747.0
16100,5,0,3,54,bundesliga,2016-04-02,-3,1012.0,4150.0,5526.0,2094.0,4694.0,249.0,2586.0,4756.0,3893.0,87.0,2377.0,313.0,1650.0,4437.0,1036.0,1558.0,2950.0,5253.0,3204.0,1802.0,930.0,1735.0
16101,55,4,2,1,bundesliga,2016-04-02,2,3573.0,5176.0,4341.0,3551.0,1160.0,2113.0,2216.0,473.0,1022.0,3911.0,1347.0,460.0,2213.0,2469.0,3039.0,76.0,4217.0,561.0,1273.0,3844.0,1103.0,730.0
16102,46,3,0,35,bundesliga,2016-04-02,3,3730.0,2335.0,2209.0,4992.0,339.0,3748.0,3632.0,755.0,1029.0,304.0,1068.0,140.0,3383.0,3783.0,2471.0,5137.0,1629.0,5061.0,147.0,33.0,1918.0,3176.0
16103,43,2,2,2,bundesliga,2016-04-02,0,5220.0,714.0,2601.0,1077.0,3822.0,3055.0,2462.0,590.0,1364.0,918.0,2727.0,1969.0,1606.0,3635.0,5103.0,2439.0,3270.0,2503.0,2350.0,4656.0,1945.0,1943.0
16104,10,3,2,28,bundesliga,2016-04-02,1,1905.0,536.0,60.0,3149.0,3920.0,2091.0,2750.0,4737.0,4598.0,3874.0,3544.0,2024.0,4635.0,916.0,3572.0,2285.0,4419.0,2569.0,614.0,618.0,1327.0,974.0
16105,53,5,0,40,bundesliga,2016-04-03,5,2555.0,355.0,4567.0,5340.0,827.0,4533.0,4748.0,3380.0,2059.0,735.0,3884.0,309.0,343.0,4025.0,248.0,3086.0,1388.0,1032.0,1717.0,88.0,1615.0,3982.0
16106,37,1,1,49,bundesliga,2016-04-03,0,822.0,5434.0,4732.0,4936.0,627.0,739.0,2661.0,670.0,4070.0,4507.0,3088.0,4886.0,286.0,603.0,5438.0,4074.0,224.0,495.0,4901.0,3426.0,3985.0,4362.0
16107,40,2,2,5,bundesliga,2016-04-08,0,309.0,343.0,248.0,3086.0,1388.0,1615.0,1032.0,1640.0,88.0,3580.0,3982.0,2668.0,5132.0,4694.0,4728.0,1378.0,1974.0,5526.0,4382.0,3893.0,87.0,2377.0
16108,54,1,2,43,bundesliga,2016-04-09,-1,313.0,1650.0,1035.0,1036.0,1558.0,2950.0,5253.0,3204.0,1802.0,930.0,1735.0,5220.0,714.0,2601.0,1077.0,3822.0,3055.0,2462.0,590.0,1364.0,918.0,2727.0
16109,2,1,3,44,bundesliga,2016-04-09,-2,1969.0,3174.0,3635.0,5103.0,1606.0,2503.0,3499.0,1945.0,2350.0,3871.0,1943.0,4075.0,1766.0,2411.0,4030.0,1961.0,5173.0,1707.0,1583.0,591.0,1002.0,809.0
16110,28,1,2,1,bundesliga,2016-04-09,-1,2024.0,17.0,4635.0,3572.0,3913.0,916.0,2569.0,614.0,618.0,1327.0,974.0,460.0,2213.0,4234.0,1774.0,3914.0,4217.0,561.0,1273.0,4520.0,3448.0,730.0
16111,39,0,2,37,bundesliga,2016-04-09,-2,1221.0,2729.0,4023.0,958.0,5439.0,4564.0,2782.0,2996.0,3402.0,5378.0,1747.0,822.0,5434.0,1494.0,3979.0,627.0,739.0,2661.0,670.0,3794.0,4507.0,3088.0
16112,46,1,0,53,bundesliga,2016-04-09,1,3730.0,2335.0,2209.0,3748.0,339.0,4992.0,3632.0,3854.0,755.0,304.0,1068.0,355.0,2555.0,4567.0,5340.0,827.0,4533.0,4748.0,3380.0,2059.0,735.0,3884.0
16113,41,1,1,55,bundesliga,2016-04-09,0,63.0,4192.0,5152.0,1888.0,5012.0,1780.0,1781.0,4909.0,2868.0,1852.0,638.0,3573.0,5176.0,4341.0,3551.0,1160.0,743.0,179.0,2690.0,1022.0,3911.0,1347.0
16114,35,2,2,10,bundesliga,2016-04-10,0,331.0,2471.0,1756.0,1918.0,1097.0,1629.0,2502.0,147.0,33.0,408.0,3176.0,2086.0,1753.0,381.0,3149.0,5233.0,1910.0,4737.0,1723.0,4598.0,1619.0,3544.0
16115,49,0,2,36,bundesliga,2016-04-10,-2,4886.0,286.0,603.0,5438.0,4074.0,224.0,495.0,4901.0,3426.0,3985.0,4362.0,2625.0,3339.0,5314.0,2892.0,5518.0,61.0,1133.0,2629.0,2817.0,2880.0,2497.0
16116,5,2,0,53,bundesliga,2016-04-15,2,2668.0,1296.0,4694.0,4728.0,1974.0,1378.0,36.0,4382.0,3893.0,87.0,2377.0,4176.0,355.0,5340.0,2059.0,4567.0,4533.0,4748.0,3380.0,4595.0,735.0,3884.0
16117,36,3,0,39,bundesliga,2016-04-16,3,3339.0,5314.0,2625.0,61.0,2892.0,3096.0,2071.0,5518.0,2817.0,2880.0,2497.0,651.0,1221.0,958.0,1607.0,4564.0,5439.0,964.0,3944.0,2996.0,5378.0,1747.0
16118,1,1,0,2,bundesliga,2016-04-16,1,460.0,2213.0,4234.0,3039.0,2469.0,4217.0,561.0,1273.0,4520.0,3448.0,730.0,1969.0,3174.0,1606.0,3270.0,3635.0,3871.0,2503.0,3499.0,2350.0,1945.0,1943.0
16119,28,3,2,41,bundesliga,2016-04-16,1,3044.0,17.0,4635.0,3572.0,2285.0,916.0,2569.0,614.0,618.0,1327.0,974.0,63.0,4192.0,5152.0,1888.0,5012.0,1780.0,1976.0,2885.0,2868.0,3273.0,712.0
16120,37,2,1,40,bundesliga,2016-04-16,1,5434.0,822.0,3979.0,4936.0,4732.0,470.0,2661.0,670.0,3794.0,3301.0,3088.0,309.0,343.0,4025.0,248.0,1717.0,1388.0,1032.0,4762.0,88.0,3580.0,3982.0
16121,43,2,0,46,bundesliga,2016-04-16,2,5220.0,714.0,2601.0,1077.0,3822.0,3055.0,1716.0,2462.0,1364.0,918.0,2727.0,3730.0,2335.0,2209.0,3748.0,339.0,4992.0,3632.0,3854.0,755.0,304.0,1068.0
16122,44,3,0,35,bundesliga,2016-04-16,3,4075.0,784.0,4030.0,1961.0,1067.0,3477.0,1707.0,2411.0,4906.0,1002.0,809.0,3383.0,331.0,2471.0,5061.0,1629.0,1097.0,1918.0,147.0,33.0,408.0,3176.0
16123,10,3,0,54,bundesliga,2016-04-17,3,1753.0,2091.0,2086.0,381.0,1910.0,4082.0,4737.0,1723.0,4598.0,3683.0,3544.0,565.0,1650.0,1558.0,1036.0,1501.0,2950.0,2702.0,3204.0,1802.0,5253.0,1735.0
16124,55,2,3,49,bundesliga,2016-04-17,-1,3573.0,1037.0,4341.0,3551.0,1160.0,743.0,179.0,2690.0,1022.0,3911.0,1347.0,286.0,4886.0,5438.0,3859.0,495.0,224.0,3985.0,4901.0,582.0,3426.0,4362.0
16125,54,2,1,28,bundesliga,2016-04-22,1,565.0,1650.0,1035.0,1036.0,1558.0,1174.0,2702.0,3204.0,4210.0,5253.0,4525.0,3044.0,17.0,4635.0,2285.0,916.0,3572.0,2569.0,2020.0,614.0,1327.0,974.0
16126,41,0,2,1,bundesliga,2016-04-23,-2,4236.0,63.0,4583.0,5152.0,5012.0,1780.0,1976.0,4909.0,2868.0,1852.0,712.0,2213.0,2469.0,460.0,561.0,4217.0,4234.0,2365.0,1273.0,4520.0,3448.0,730.0
16127,2,0,3,10,bundesliga,2016-04-23,-3,1004.0,1606.0,3635.0,3174.0,3270.0,5103.0,2503.0,2327.0,1945.0,3871.0,1943.0,1753.0,381.0,1905.0,2086.0,60.0,3920.0,3149.0,1619.0,4737.0,3874.0,3544.0
16128,49,4,1,43,bundesliga,2016-04-23,3,4886.0,286.0,1995.0,3985.0,495.0,224.0,3859.0,582.0,3426.0,2662.0,4362.0,5220.0,2601.0,714.0,3055.0,1077.0,918.0,1716.0,2462.0,1364.0,3910.0,2727.0
16129,40,0,2,44,bundesliga,2016-04-23,-2,309.0,5164.0,3193.0,1615.0,3086.0,1717.0,1032.0,88.0,1640.0,3580.0,4546.0,4075.0,1961.0,370.0,2608.0,784.0,4030.0,591.0,4906.0,5384.0,1002.0,809.0
16130,46,2,2,5,bundesliga,2016-04-23,0,2414.0,2335.0,3730.0,874.0,339.0,4992.0,4069.0,1029.0,3854.0,304.0,790.0,4150.0,2684.0,4694.0,4728.0,1974.0,1378.0,36.0,4382.0,3893.0,87.0,2377.0
16131,35,2,3,36,bundesliga,2016-04-23,-1,331.0,3383.0,3783.0,2471.0,3991.0,1629.0,2502.0,147.0,33.0,1918.0,3176.0,3339.0,5314.0,4604.0,61.0,3096.0,412.0,1133.0,3071.0,2817.0,2880.0,2497.0
16132,53,3,1,37,bundesliga,2016-04-24,2,4176.0,2555.0,355.0,827.0,4533.0,4922.0,5340.0,3380.0,2059.0,735.0,3884.0,5434.0,4732.0,822.0,739.0,470.0,4936.0,2661.0,3301.0,670.0,3794.0,3088.0
16133,39,2,1,55,bundesliga,2016-04-24,1,651.0,4023.0,4860.0,958.0,1607.0,4564.0,964.0,3944.0,2996.0,1966.0,1747.0,3573.0,1037.0,4341.0,5176.0,2199.0,743.0,179.0,1022.0,2690.0,3911.0,1347.0
16134,1,0,0,49,bundesliga,2016-04-29,0,460.0,2262.0,4234.0,2469.0,4217.0,3039.0,561.0,1273.0,4520.0,1103.0,730.0,4886.0,286.0,1995.0,3985.0,495.0,224.0,3859.0,4901.0,3426.0,2662.0,4362.0
16135,44,1,1,53,bundesliga,2016-04-30,0,1067.0,1961.0,2608.0,1707.0,1465.0,591.0,1002.0,5384.0,593.0,4906.0,809.0,4176.0,2555.0,355.0,5340.0,827.0,4533.0,4922.0,3380.0,2059.0,735.0,3884.0
16136,10,5,1,41,bundesliga,2016-04-30,4,1753.0,1905.0,2086.0,60.0,3920.0,2091.0,2750.0,1723.0,4598.0,3874.0,3544.0,63.0,4192.0,5152.0,4583.0,5012.0,1780.0,1781.0,2885.0,2868.0,1852.0,712.0
16137,5,1,3,35,bundesliga,2016-04-30,-2,2668.0,2684.0,4694.0,4728.0,1974.0,249.0,36.0,1378.0,4382.0,87.0,2377.0,331.0,2471.0,3783.0,3383.0,5137.0,3991.0,2502.0,147.0,33.0,1918.0,3176.0
16138,37,2,1,46,bundesliga,2016-04-30,1,5434.0,822.0,3979.0,470.0,4732.0,739.0,2661.0,670.0,4070.0,3301.0,3088.0,4068.0,2335.0,3730.0,874.0,339.0,4992.0,3632.0,3854.0,755.0,304.0,790.0
16139,55,0,0,54,bundesliga,2016-04-30,0,3573.0,1037.0,5176.0,4258.0,2199.0,2113.0,179.0,1022.0,3488.0,3911.0,1347.0,313.0,1650.0,4437.0,3075.0,1558.0,1501.0,2702.0,3204.0,4210.0,5253.0,4525.0
16140,43,1,2,39,bundesliga,2016-04-30,-1,5220.0,714.0,2601.0,1077.0,3822.0,3055.0,2462.0,590.0,1364.0,918.0,2727.0,651.0,4023.0,199.0,4860.0,1607.0,4564.0,964.0,3944.0,2996.0,1966.0,1747.0
16141,36,2,1,40,bundesliga,2016-04-30,1,3339.0,5314.0,2625.0,61.0,4604.0,3096.0,2071.0,5518.0,2629.0,412.0,2497.0,343.0,309.0,3086.0,1388.0,88.0,1615.0,1032.0,1717.0,1640.0,3580.0,3982.0
16142,28,6,2,2,bundesliga,2016-05-02,4,3044.0,17.0,4635.0,2285.0,916.0,3572.0,2569.0,2020.0,614.0,1327.0,974.0,1004.0,1606.0,3635.0,5103.0,3161.0,1945.0,2503.0,2327.0,3499.0,967.0,1943.0
16143,35,1,1,1,bundesliga,2016-05-07,0,331.0,3383.0,3783.0,2471.0,1097.0,5137.0,2502.0,147.0,33.0,2409.0,3176.0,460.0,2213.0,4234.0,2469.0,4217.0,3039.0,561.0,3914.0,4520.0,3844.0,730.0
16144,53,2,1,36,bundesliga,2016-05-07,1,4176.0,2555.0,4567.0,5340.0,827.0,4533.0,4922.0,3380.0,2059.0,735.0,3884.0,3339.0,3098.0,2625.0,3096.0,5518.0,4693.0,2071.0,3071.0,2629.0,412.0,2497.0
16145,54,0,1,41,bundesliga,2016-05-07,-1,565.0,1650.0,4437.0,1035.0,1558.0,1501.0,2702.0,3204.0,4210.0,5253.0,4525.0,4236.0,4192.0,5152.0,3273.0,5012.0,3661.0,1781.0,4909.0,2868.0,1852.0,638.0
16146,2,1,3,55,bundesliga,2016-05-07,-2,3635.0,1606.0,3161.0,5103.0,1945.0,3270.0,5280.0,2350.0,4656.0,2208.0,602.0,3573.0,4258.0,4341.0,3551.0,743.0,2113.0,2216.0,3488.0,1022.0,179.0,1347.0
16147,39,1,0,10,bundesliga,2016-05-07,1,1221.0,4023.0,1607.0,4564.0,958.0,2782.0,964.0,2996.0,3944.0,1966.0,1747.0,1905.0,1753.0,536.0,2750.0,1910.0,60.0,2086.0,1723.0,4598.0,3149.0,3544.0
16148,49,0,0,28,bundesliga,2016-05-07,0,4886.0,5438.0,603.0,495.0,286.0,3985.0,4901.0,582.0,3426.0,2662.0,4362.0,3044.0,17.0,4635.0,3913.0,916.0,3572.0,2569.0,2020.0,614.0,1327.0,974.0
16149,5,1,0,37,bundesliga,2016-05-07,1,2668.0,2684.0,4694.0,4728.0,1974.0,249.0,36.0,4382.0,1378.0,2377.0,5250.0,5434.0,822.0,4936.0,4732.0,470.0,739.0,2661.0,670.0,4070.0,4507.0,3088.0
16150,40,1,2,43,bundesliga,2016-05-07,-1,309.0,343.0,4025.0,248.0,1388.0,88.0,5164.0,1717.0,4762.0,1615.0,3982.0,5220.0,2601.0,714.0,3055.0,1077.0,3822.0,1716.0,2462.0,1364.0,2801.0,2727.0
16151,46,1,2,44,bundesliga,2016-05-07,-1,2414.0,2335.0,3730.0,3677.0,339.0,4992.0,4069.0,3854.0,755.0,304.0,1068.0,4075.0,1766.0,370.0,2608.0,784.0,5173.0,2411.0,591.0,1583.0,3477.0,809.0
16152,44,3,1,5,bundesliga,2016-05-14,2,4075.0,1766.0,370.0,1961.0,1067.0,4030.0,2411.0,593.0,4906.0,3477.0,809.0,2668.0,2684.0,249.0,4759.0,5526.0,1974.0,36.0,4382.0,1378.0,5250.0,2377.0
16153,10,2,2,49,bundesliga,2016-05-14,0,1753.0,536.0,2750.0,1905.0,3920.0,2086.0,2091.0,1723.0,1619.0,4598.0,3544.0,4886.0,603.0,2256.0,224.0,3985.0,3859.0,4901.0,582.0,3426.0,600.0,2423.0
16154,36,3,2,46,bundesliga,2016-05-14,1,3098.0,5314.0,2625.0,61.0,3096.0,4604.0,2071.0,3071.0,2629.0,3315.0,3801.0,2414.0,2335.0,3730.0,3632.0,3677.0,4992.0,4069.0,3854.0,755.0,304.0,790.0
16155,41,3,1,2,bundesliga,2016-05-14,2,4236.0,4192.0,5152.0,4583.0,1780.0,3661.0,1781.0,4909.0,2868.0,3273.0,638.0,1969.0,1606.0,3635.0,3174.0,3270.0,5103.0,2503.0,4656.0,1945.0,967.0,602.0
16156,1,1,3,54,bundesliga,2016-05-14,-2,460.0,2213.0,4234.0,533.0,4217.0,3039.0,561.0,3914.0,3844.0,3448.0,730.0,565.0,3075.0,1035.0,1036.0,1558.0,1501.0,2702.0,1802.0,4210.0,5253.0,3507.0
16157,28,1,0,39,bundesliga,2016-05-14,1,3044.0,750.0,4635.0,3572.0,3913.0,916.0,2569.0,2020.0,614.0,1327.0,974.0,651.0,2782.0,4023.0,958.0,3199.0,4564.0,964.0,3944.0,2996.0,1966.0,1747.0
16158,37,1,4,35,bundesliga,2016-05-14,-3,822.0,5434.0,4732.0,431.0,2648.0,739.0,4507.0,627.0,4070.0,3794.0,833.0,331.0,3383.0,3783.0,2471.0,1756.0,1629.0,2502.0,147.0,33.0,2409.0,3176.0
16159,55,0,0,40,bundesliga,2016-05-14,0,3573.0,4258.0,4341.0,3551.0,2113.0,743.0,2216.0,3488.0,1022.0,179.0,1347.0,343.0,3193.0,4025.0,1615.0,1717.0,88.0,1032.0,4762.0,1640.0,3580.0,3982.0
16160,43,0,2,53,bundesliga,2016-05-14,-2,2453.0,2601.0,714.0,3055.0,1077.0,3822.0,1716.0,2462.0,1364.0,2801.0,89.0,355.0,2555.0,1211.0,1791.0,4837.0,827.0,4922.0,735.0,2059.0,3380.0,5529.0